<?xml version="1.0" encoding="UTF-8"?>
<Configuration status="INFO">
    -
    <Appenders>
        -
        <Console target="SYSTEM_OUT" name="Console">
            <PatternLayout pattern="%d{HH:mm:ss.SSS} [%t] %-5level %logger{36} - %msg%n"/>

        </Console>


        -
        <File name="MyFile" append="false" immediateFlush="false" fileName="all.log">

            <PatternLayout pattern="%d{yyy-MM-dd HH:mm:ss.SSS} [%t] %-5level %logger{36} - %msg%n"/>

        </File>

    </Appenders>


    -
    <Loggers>


        -
        <Root level="debug">

            <AppenderRef ref="Console"/>

            <AppenderRef ref="MyFile"/>

        </Root>

    </Loggers>

</Configuration>